{
 "SSIM": 0.9216671586036682,
 "PSNR": 28.205101013183594,
 "LPIPS": 0.21124710142612457,
 "FPS": 191.77182842582488
}