{
 "SSIM": 0.9221665859222412,
 "PSNR": 28.20710563659668,
 "LPIPS": 0.2102096527814865,
 "FPS": 192.9858734374801
}