{
 "SSIM": 0.9537903070449829,
 "PSNR": 30.90909767150879,
 "LPIPS": 0.18424081802368164,
 "FPS": 213.9533817563813
}