{
 "SSIM": 0.9240018725395203,
 "PSNR": 28.533283233642578,
 "LPIPS": 0.2020302563905716,
 "FPS": 142.49811749898427
}