{
 "SSIM": 0.937124490737915,
 "PSNR": 27.448169708251953,
 "LPIPS": 0.17014583945274353,
 "FPS": 120.5406584446758
}