{
 "SSIM": 0.9367574453353882,
 "PSNR": 27.338258743286133,
 "LPIPS": 0.168821781873703,
 "FPS": 119.01083230151934
}