{
 "SSIM": 0.9232184290885925,
 "PSNR": 28.334890365600586,
 "LPIPS": 0.20488782227039337,
 "FPS": 148.17035767550718
}