{
 "SSIM": 0.9396978616714478,
 "PSNR": 29.509729385375977,
 "LPIPS": 0.2169732302427292,
 "FPS": 198.85516508043412
}