{
 "SSIM": 0.9230488538742065,
 "PSNR": 28.472747802734375,
 "LPIPS": 0.20925991237163544,
 "FPS": 178.6886531848155
}