{
 "SSIM": 0.9223862886428833,
 "PSNR": 28.370567321777344,
 "LPIPS": 0.20454400777816772,
 "FPS": 136.77946674004747
}