{
 "SSIM": 0.9561984539031982,
 "PSNR": 33.259708404541016,
 "LPIPS": 0.14364507794380188,
 "FPS": 237.11427036283018
}