{
 "SSIM": 0.9322797060012817,
 "PSNR": 28.67860221862793,
 "LPIPS": 0.1860043853521347,
 "FPS": 221.9351203746501
}