{
 "SSIM": 0.9250102639198303,
 "PSNR": 28.556119918823242,
 "LPIPS": 0.201283261179924,
 "FPS": 143.8592372042945
}