{
 "SSIM": 0.8353952169418335,
 "PSNR": 19.312463760375977,
 "LPIPS": 0.3323288857936859,
 "FPS": 131.8762041554271
}