{
 "SSIM": 0.9208406805992126,
 "PSNR": 27.76271629333496,
 "LPIPS": 0.20666846632957458,
 "FPS": 117.02634451292771
}