{
 "SSIM": 0.9206675291061401,
 "PSNR": 27.822275161743164,
 "LPIPS": 0.20894531905651093,
 "FPS": 125.46069890313822
}