{
 "SSIM": 0.8748582601547241,
 "PSNR": 22.417999267578125,
 "LPIPS": 0.26740601658821106,
 "FPS": 128.3307219621352
}